사고번호,사고일시,요일,시군구,사고내용,사망자수,중상자수,경상자수,부상신고자수,사고유형,법규위반,노면상태,기상상태,도로형태,가해운전자 차종,가해운전자 성별,가해운전자 연령,가해운전자 상해정도,피해운전자 차종,피해운전자 성별,피해운전자 연령,피해운전자 상해정도
2012080500100296,2012년 8월 5일 16시,일요일,경기도 오산시 오산동,경상사고,0,0,2,0,차대사람 - 횡단중,보행자보호의무위반,포장 - 건조,맑음,단일로 - 횡단보도상,승용,여,29세,상해없음,보행자,남,7세,경상
2012080700100350,2012년 8월 7일 16시,화요일,경기도 오산시 원동,중상사고,0,1,1,0,차대사람 - 보도통행중,안전운전불이행,포장 - 건조,맑음,단일로 - 기타,승용,여,46세,상해없음,보행자,여,33세,중상
2012080900100365,2012년 8월 9일 17시,목요일,경기도 오산시 탑동,경상사고,0,0,1,0,차대차 - 측면직각충돌,안전운전불이행,포장 - 건조,맑음,단일로 - 기타,승용,남,51세,상해없음,자전거,여,9세,경상
2012081000100428,2012년 8월 10일 17시,금요일,경기도 오산시 원동,중상사고,0,1,0,0,차대사람 - 기타,신호위반,포장 - 건조,맑음,교차로 - 교차로안,승용,남,39세,상해없음,보행자,여,6세,중상
2012081000100470,2012년 8월 10일 18시,금요일,경기도 오산시 내삼미동,경상사고,0,0,12,0,차대차 - 측면직각충돌,안전운전불이행,포장 - 건조,맑음,단일로 - 기타,승용,남,40세,상해없음,승합,남,39세,경상
2012081900100328,2012년 8월 19일 18시,일요일,경기도 오산시 오산동,중상사고,0,1,0,0,차대차 - 정면충돌,안전운전불이행,포장 - 건조,흐림,단일로 - 횡단보도상,승용,남,49세,상해없음,자전거,남,9세,중상
2012082900100101,2012년 8월 29일 08시,수요일,경기도 오산시 원동,부상신고사고,0,0,0,1,차대사람 - 횡단중,안전운전불이행,포장 - 건조,맑음,단일로 - 기타,승용,여,36세,상해없음,보행자,남,7세,부상신고
2012083000100581,2012년 8월 30일 23시,목요일,경기도 오산시 원동,경상사고,0,0,4,3,차대차 - 추돌 - 진행중,안전운전불이행,포장 - 건조,맑음,단일로 - 기타,화물,남,58세,상해없음,승합,남,51세,상해없음
2012090600100521,2012년 9월 6일 18시,목요일,경기도 오산시 오산동,경상사고,0,0,1,0,차대사람 - 횡단중,보행자보호의무위반,포장 - 건조,맑음,교차로 - 교차로안,승용,여,30세,상해없음,보행자,남,6세,경상
2012092300100372,2012년 9월 23일 16시,일요일,경기도 오산시 오산동,경상사고,0,0,4,0,차대차 - 측면직각충돌,신호위반,포장 - 건조,맑음,교차로 - 교차로안,승용,남,74세,상해없음,승용,남,36세,경상
2012092400100442,2012년 9월 24일 17시,월요일,경기도 오산시 원동,경상사고,0,0,1,0,차대사람 - 횡단중,안전운전불이행,포장 - 건조,맑음,단일로 - 기타,승용,여,55세,상해없음,보행자,여,5세,경상
2012092800100633,2012년 9월 28일 19시,금요일,경기도 오산시 누읍동,중상사고,0,1,0,0,차대사람 - 보도통행중,보행자보호의무위반,포장 - 건조,맑음,단일로 - 횡단보도상,화물,남,46세,상해없음,보행자,남,7세,중상
2012101100100477,2012년 10월 11일 17시,목요일,경기도 오산시 금암동,경상사고,0,0,1,0,차대사람 - 횡단중,안전운전불이행,포장 - 건조,맑음,교차로 - 교차로부근,이륜,남,47세,상해없음,보행자,남,8세,경상
2012101900100125,2012년 10월 19일 08시,금요일,경기도 오산시 금암동,경상사고,0,0,5,0,차대차 - 정면충돌,신호위반,포장 - 건조,맑음,교차로 - 교차로안,승용,남,31세,경상,승용,여,41세,경상
2012102100100497,2012년 10월 21일 21시,일요일,경기도 오산시 오산동,경상사고,0,0,3,0,차대차 - 측면직각충돌,안전운전불이행,포장 - 건조,맑음,단일로 - 기타,화물,남,58세,상해없음,승용,여,37세,경상
2012102500100311,2012년 10월 25일 14시,목요일,경기도 오산시 궐동,경상사고,0,0,1,0,차대사람 - 기타,교차로운행방법위반,포장 - 건조,맑음,교차로 - 교차로부근,승용,남,26세,상해없음,보행자,남,9세,경상
2012102500100358,2012년 10월 25일 16시,목요일,경기도 오산시 가수동,중상사고,0,1,3,0,차대차 - 추돌 - 주정차중,안전운전불이행,포장 - 건조,맑음,교차로 - 교차로부근,승용,남,64세,상해없음,승용,여,39세,중상
2012110800100403,2012년 11월 8일 18시,목요일,경기도 오산시 수청동,부상신고사고,0,0,0,1,차대사람 - 기타,안전운전불이행,포장 - 건조,맑음,단일로 - 기타,화물,남,32세,상해없음,보행자,여,1세,부상신고
2012111300100494,2012년 11월 13일 19시,화요일,경기도 오산시 고현동,중상사고,0,1,0,0,차대사람 - 횡단중,보행자보호의무위반,포장 - 건조,흐림,단일로 - 기타,승용,남,43세,상해없음,보행자,남,8세,중상
2012120400100240,2012년 12월 4일 11시,화요일,경기도 오산시 갈곶동,중상사고,0,1,3,0,차대차 - 측면직각충돌,신호위반,포장 - 건조,맑음,교차로 - 교차로안,승용,남,26세,상해없음,승용,남,62세,경상
2012120400100469,2012년 12월 4일 18시,화요일,경기도 오산시 원동,경상사고,0,0,3,0,차대사람 - 횡단중,신호위반,포장 - 건조,맑음,교차로 - 교차로부근,승용,남,54세,상해없음,보행자,여,42세,경상
2012120500100145,2012년 12월 5일 10시,수요일,경기도 오산시 수청동,경상사고,0,0,1,1,차대차 - 측면직각충돌,안전운전불이행,포장 - 적설,눈,교차로 - 교차로부근,승용,여,29세,상해없음,승합,여,63세,상해없음
2012121000100351,2012년 12월 10일 17시,월요일,경기도 오산시 누읍동,경상사고,0,0,3,0,차대차 - 측면직각충돌,직진우회전진행방해,포장 - 건조,맑음,교차로 - 교차로안,승용,남,44세,경상,승용,여,43세,경상
2012121100100382,2012년 12월 11일 17시,화요일,경기도 오산시 금암동,경상사고,0,0,1,0,차량단독 - 공작물충돌,안전운전불이행,포장 - 결빙,맑음,단일로 - 터널,승용,여,29세,상해없음,,,,
2012121300100526,2012년 12월 13일 21시,목요일,경기도 오산시 부산동,경상사고,0,0,4,0,차대차 - 추돌 - 주정차중,안전운전불이행,포장 - 건조,맑음,교차로 - 교차로부근,화물,남,28세,상해없음,승용,남,42세,경상
2012122300100135,2012년 12월 23일 09시,일요일,경기도 오산시 오산동,중상사고,0,1,5,2,차대차 - 추돌 - 진행중,안전운전불이행,포장 - 건조,맑음,교차로 - 교차로안,승용,남,60세,상해없음,승합,남,46세,경상
2013011700100336,2013년 1월 17일 17시,목요일,경기도 오산시 원동,경상사고,0,0,1,0,차대사람 - 횡단중,안전운전불이행,포장 - 건조,맑음,교차로 - 교차로안,기타불명,기타불명,기타불명,기타불명,보행자,남,8세,경상
2013011800100617,2013년 1월 18일 23시,금요일,경기도 오산시 내삼미동,중상사고,0,3,2,0,차대차 - 측면직각충돌,중앙선침범,포장 - 습기,맑음,단일로 - 기타,승용,남,31세,상해없음,승용,남,66세,중상
2013012000100338,2013년 1월 20일 19시,일요일,경기도 오산시 외삼미동,경상사고,0,0,3,0,차대차 - 추돌 - 주정차중,안전운전불이행,포장 - 건조,맑음,단일로 - 기타,화물,남,46세,상해없음,승용,남,36세,경상
2013012400100161,2013년 1월 24일 08시,목요일,경기도 오산시 원동,중상사고,0,2,1,0,차대차 - 기타,신호위반,포장 - 건조,맑음,교차로 - 교차로안,승용,남,69세,상해없음,승용,남,40세,상해없음
2013020900100297,2013년 2월 9일 18시,토요일,경기도 오산시 내삼미동,중상사고,0,1,5,0,차대차 - 추돌 - 진행중,신호위반,포장 - 건조,맑음,교차로 - 교차로안,승합,남,62세,상해없음,승용,남,36세,경상
2013021600100253,2013년 2월 16일 13시,토요일,경기도 오산시 원동,경상사고,0,0,4,0,차대차 - 측면직각충돌,교차로운행방법위반,포장 - 건조,맑음,교차로 - 교차로안,승용,남,53세,상해없음,승용,여,38세,경상
2013022300100190,2013년 2월 23일 09시,토요일,경기도 오산시 원동,중상사고,0,2,2,0,차대차 - 정면충돌,신호위반,포장 - 건조,맑음,교차로 - 교차로안,승용,남,57세,상해없음,승용,남,32세,중상
2013022300100307,2013년 2월 23일 13시,토요일,경기도 오산시 원동,중상사고,0,2,1,0,차대차 - 측면직각충돌,안전운전불이행,포장 - 건조,맑음,단일로 - 기타,화물,남,61세,상해없음,승용,여,40세,중상
2013022800100258,2013년 2월 28일 13시,목요일,경기도 오산시 원동,경상사고,0,0,3,0,차대차 - 기타,신호위반,포장 - 건조,맑음,교차로 - 교차로안,승합,남,59세,상해없음,승용,여,39세,경상
2013030900100298,2013년 3월 9일 13시,토요일,경기도 오산시 원동,경상사고,0,0,3,3,차대차 - 추돌 - 주정차중,안전운전불이행,포장 - 건조,맑음,단일로 - 기타,승용,남,56세,상해없음,승용,남,63세,경상
2013032200100377,2013년 3월 22일 17시,금요일,경기도 오산시 오산동,부상신고사고,0,0,0,1,차대사람 - 기타,안전운전불이행,포장 - 건조,맑음,단일로 - 기타,기타불명,기타불명,기타불명,기타불명,보행자,여,12세,부상신고
2013032400100206,2013년 3월 24일 13시,일요일,경기도 오산시 오산동,경상사고,0,0,1,0,차대사람 - 기타,안전운전불이행,포장 - 건조,맑음,단일로 - 기타,승용,남,36세,상해없음,보행자,남,3세,경상
2013041100100435,2013년 4월 11일 19시,목요일,경기도 오산시 궐동,경상사고,0,0,1,0,차대사람 - 기타,안전운전불이행,포장 - 건조,맑음,단일로 - 기타,승용,남,40세,상해없음,보행자,여,8세,경상
2013041200100374,2013년 4월 12일 16시,금요일,경기도 오산시 원동,중상사고,0,1,0,0,차대사람 - 기타,안전운전불이행,포장 - 건조,맑음,단일로 - 기타,승용,여,39세,상해없음,보행자,여,8세,중상
2013041700100412,2013년 4월 17일 18시,수요일,경기도 오산시 누읍동,경상사고,0,0,1,0,차대사람 - 기타,신호위반,포장 - 건조,맑음,단일로 - 횡단보도상,승용,남,30세,상해없음,보행자,남,12세,경상
2013042700100474,2013년 4월 27일 18시,토요일,경기도 오산시 원동,경상사고,0,0,2,0,차대차 - 기타,안전운전불이행,포장 - 건조,맑음,단일로 - 기타,승용,남,39세,상해없음,승용,남,33세,상해없음
2013050700100336,2013년 5월 7일 16시,화요일,경기도 오산시 오산동,경상사고,0,0,2,0,차대차 - 추돌 - 주정차중,안전운전불이행,포장 - 건조,맑음,단일로 - 기타,승용,남,65세,상해없음,승용,여,28세,상해없음
2013051400100105,2013년 5월 14일 07시,화요일,경기도 오산시 원동,경상사고,0,0,2,0,차대차 - 측면직각충돌,신호위반,포장 - 건조,맑음,교차로 - 교차로안,승합,남,68세,상해없음,승용,여,37세,경상
2013051700100560,2013년 5월 17일 20시,금요일,경기도 오산시 원동,중상사고,0,1,0,0,차대사람 - 횡단중,신호위반,포장 - 건조,맑음,교차로 - 교차로안,원동기,남,17세,상해없음,보행자,남,5세,중상
2013052900100291,2013년 5월 29일 14시,수요일,경기도 오산시 궐동,중상사고,0,1,0,0,차대사람 - 기타,안전운전불이행,포장 - 건조,맑음,단일로 - 기타,승용,남,55세,상해없음,보행자,남,5세,중상
2013060500100249,2013년 6월 5일 12시,수요일,경기도 오산시 궐동,중상사고,0,1,0,0,차대사람 - 기타,안전운전불이행,포장 - 건조,맑음,단일로 - 기타,승용,남,31세,상해없음,보행자,남,5세,중상
2013061500100370,2013년 6월 15일 14시,토요일,경기도 오산시 서동,경상사고,0,0,1,0,차대차 - 정면충돌,안전운전불이행,포장 - 건조,맑음,단일로 - 기타,이륜,남,17세,상해없음,자전거,여,7세,경상
2013061500100614,2013년 6월 15일 21시,토요일,경기도 오산시 오산동,경상사고,0,0,4,1,차대차 - 측면직각충돌,안전운전불이행,포장 - 건조,맑음,단일로 - 기타,건설기계,남,41세,상해없음,승합,남,60세,경상
2013061600100507,2013년 6월 16일 21시,일요일,경기도 오산시 금암동,중상사고,0,1,0,0,차대사람 - 기타,보행자보호의무위반,포장 - 건조,맑음,단일로 - 횡단보도상,승용,여,42세,상해없음,보행자,여,6세,중상
2013062800100579,2013년 6월 28일 21시,금요일,경기도 오산시 궐동,경상사고,0,0,5,0,차대차 - 기타,신호위반,포장 - 건조,맑음,교차로 - 교차로안,승용,남,61세,상해없음,승용,여,43세,경상
2013070500100555,2013년 7월 5일 21시,금요일,경기도 오산시 누읍동,경상사고,0,0,1,0,차대사람 - 횡단중,안전운전불이행,포장 - 건조,맑음,기타 - 기타,화물,남,49세,상해없음,보행자,여,1세,경상
2013070600100426,2013년 7월 6일 18시,토요일,경기도 오산시 궐동,부상신고사고,0,0,0,1,차대사람 - 기타,안전운전불이행,포장 - 건조,맑음,단일로 - 기타,승용,여,42세,상해없음,보행자,여,6세,부상신고
2013071000100356,2013년 7월 10일 17시,수요일,경기도 오산시 내삼미동,중상사고,0,1,1,0,차대차 - 기타,신호위반,포장 - 건조,맑음,교차로 - 교차로안,승용,여,33세,상해없음,승용,여,38세,중상
2013071800100387,2013년 7월 18일 17시,목요일,경기도 오산시 수청동,중상사고,0,1,0,0,차대사람 - 횡단중,신호위반,포장 - 건조,맑음,교차로 - 교차로부근,승용,남,49세,상해없음,보행자,여,5세,중상
2013072900100308,2013년 7월 29일 16시,월요일,경기도 오산시 부산동,경상사고,0,0,3,1,차대차 - 추돌 - 주정차중,안전거리미확보,포장 - 건조,맑음,단일로 - 기타,승용,남,30세,상해없음,승용,남,53세,상해없음
2013080500100178,2013년 8월 5일 11시,월요일,경기도 오산시 원동,중상사고,0,1,2,2,차대차 - 추돌 - 진행중,안전운전불이행,포장 - 건조,맑음,단일로 - 기타,승용,남,32세,상해없음,승용,남,45세,상해없음
2013080500100424,2013년 8월 5일 18시,월요일,경기도 오산시 고현동,중상사고,0,1,0,0,차대차 - 기타,신호위반,포장 - 건조,맑음,단일로 - 횡단보도상,승용,남,52세,상해없음,자전거,여,8세,중상
2013080800100146,2013년 8월 8일 09시,목요일,경기도 오산시 누읍동,중상사고,0,1,1,0,차대차 - 측면직각충돌,신호위반,포장 - 건조,맑음,교차로 - 교차로안,화물,남,34세,상해없음,승용,여,35세,중상
2013081300100103,2013년 8월 13일 08시,화요일,경기도 오산시 고현동,경상사고,0,0,2,0,차대차 - 기타,신호위반,포장 - 건조,맑음,교차로 - 교차로안,승용,남,46세,상해없음,승용,여,32세,경상
2013083000100300,2013년 8월 30일 14시,금요일,경기도 오산시 오산동,부상신고사고,0,0,0,1,차대사람 - 길가장자리구역통행중,안전운전불이행,포장 - 건조,맑음,교차로 - 교차로안,기타불명,기타불명,기타불명,기타불명,보행자,여,9세,부상신고
2013090700100164,2013년 9월 7일 09시,토요일,경기도 오산시 탑동,중상사고,0,1,0,0,차대사람 - 횡단중,안전운전불이행,포장 - 건조,맑음,단일로 - 기타,승용,남,52세,상해없음,보행자,여,12세,중상
2013091500100336,2013년 9월 15일 16시,일요일,경기도 오산시 수청동,중상사고,0,2,2,0,차대차 - 추돌 - 진행중,안전운전불이행,포장 - 건조,맑음,교차로 - 교차로부근,승용,남,52세,상해없음,승용,남,42세,중상
2013092000100139,2013년 9월 20일 12시,금요일,경기도 오산시 오산동,경상사고,0,0,2,0,차대사람 - 횡단중,보행자보호의무위반,포장 - 건조,맑음,단일로 - 횡단보도상,승용,여,56세,상해없음,보행자,남,6세,경상
2013100500100253,2013년 10월 5일 11시,토요일,경기도 오산시 금암동,경상사고,0,0,1,0,차대차 - 기타,신호위반,포장 - 건조,맑음,교차로 - 교차로부근,승용,여,40세,상해없음,자전거,남,5세,경상
2013101300100452,2013년 10월 13일 21시,일요일,경기도 오산시 오산동,중상사고,0,1,2,1,차대차 - 측면직각충돌,교차로운행방법위반,포장 - 건조,맑음,교차로 - 교차로안,승용,여,52세,부상신고,승합,남,56세,상해없음
2013111600100193,2013년 11월 16일 10시,토요일,경기도 오산시 내삼미동,경상사고,0,0,4,0,차대차 - 기타,교차로운행방법위반,포장 - 건조,맑음,교차로 - 교차로안,승용,남,34세,상해없음,승용,여,37세,경상
2013112000100114,2013년 11월 20일 08시,수요일,경기도 오산시 오산동,중상사고,0,1,0,0,차대사람 - 기타,안전운전불이행,포장 - 건조,맑음,단일로 - 기타,승용,남,49세,상해없음,보행자,여,12세,중상
2013112000100334,2013년 11월 20일 16시,수요일,경기도 오산시 가수동,경상사고,0,0,1,0,차대사람 - 기타,안전운전불이행,포장 - 건조,맑음,교차로 - 교차로안,승용,여,33세,상해없음,보행자,남,8세,경상
2013120500100571,2013년 12월 5일 23시,목요일,경기도 오산시 내삼미동,중상사고,0,1,4,0,차대차 - 기타,교차로운행방법위반,포장 - 건조,흐림,교차로 - 교차로안,승용,남,31세,경상,승용,남,51세,경상
2013121300100280,2013년 12월 13일 15시,금요일,경기도 오산시 궐동,경상사고,0,0,1,0,차대사람 - 기타,안전운전불이행,포장 - 결빙,흐림,단일로 - 기타,승용,남,65세,상해없음,보행자,여,7세,경상
2013121400100231,2013년 12월 14일 11시,토요일,경기도 오산시 오산동,중상사고,0,1,0,0,차대사람 - 횡단중,보행자보호의무위반,포장 - 건조,맑음,단일로 - 횡단보도상,승용,남,51세,상해없음,보행자,남,9세,중상
2013121900100364,2013년 12월 19일 16시,목요일,경기도 오산시 원동,경상사고,0,0,1,0,차대사람 - 기타,보행자보호의무위반,포장 - 습기,흐림,교차로 - 교차로부근,승용,남,46세,상해없음,보행자,남,7세,경상
2013122200100173,2013년 12월 22일 11시,일요일,경기도 오산시 수청동,중상사고,0,2,1,0,차대차 - 정면충돌,안전운전불이행,포장 - 건조,맑음,단일로 - 기타,승용,남,31세,상해없음,승용,남,38세,경상
2013122300100177,2013년 12월 23일 10시,월요일,경기도 오산시 부산동,경상사고,0,0,6,1,차대차 - 기타,안전거리미확보,포장 - 건조,맑음,단일로 - 기타,승용,남,39세,경상,승용,여,42세,경상